# Host: 127.0.0.1  (Version 5.5.5-10.1.19-MariaDB)
# Date: 2017-04-05 23:27:41
# Generator: MySQL-Front 6.0  (Build 1.31)

/*!40101 SET NAMES utf8 */;

#
# Structure for table "province"
#

DROP TABLE IF EXISTS `province`;
CREATE TABLE `province` (
  `province_id` int(2) NOT NULL,
  `province_name` varchar(50) DEFAULT NULL,
  PRIMARY KEY (`province_id`)
) ENGINE=InnoDB DEFAULT CHARSET=utf8;

#
# Data for table "province"
#

INSERT INTO `province` VALUES (1,'北京市'),(2,'天津市'),(3,'上海市'),(4,'浙江省'),(5,'安徽省'),(6,'福建省'),(7,'江西省'),(8,'湖南省'),(9,'广东省'),(10,'广西壮族自治区'),(11,'新疆维吾尔族自治区'),(12,'宁夏回族自治区'),(13,'黑龙江省'),(14,'辽宁省'),(15,'吉林省'),(16,'河南省'),(17,'河北省'),(18,'江苏省'),(19,'山东省'),(20,'青海省'),(21,'内蒙古自治区'),(22,'西藏自治区'),(23,'贵州省'),(24,'云南省'),(25,'海南省'),(26,'湖北省'),(27,'山西省'),(28,'陕西省'),(29,'甘肃省'),(30,'四川省'),(31,'重庆市'),(32,'香港'),(33,'澳门'),(34,'台湾省');

#
# Structure for table "site"
#

DROP TABLE IF EXISTS `site`;
CREATE TABLE `site` (
  `site_id` int(5) NOT NULL,
  `site_name` varchar(50) DEFAULT NULL,
  `stype` int(2) NOT NULL DEFAULT '3',
  `state` int(1) NOT NULL DEFAULT '0',
  `uid` int(8) DEFAULT NULL,
  `wid` int(3) DEFAULT NULL,
  `aid` int(3) DEFAULT NULL,
  `remark` varchar(200) DEFAULT NULL,
  `stime` bigint(20) DEFAULT NULL,
  PRIMARY KEY (`site_id`),
  KEY `stype` (`stype`),
  KEY `uid` (`uid`),
  KEY `wid` (`wid`),
  KEY `aid` (`aid`)
) ENGINE=InnoDB DEFAULT CHARSET=utf8;

#
# Data for table "site"
#

INSERT INTO `site` VALUES (0,'未知',3,0,NULL,NULL,NULL,NULL,NULL),(1,'',3,84,NULL,NULL,NULL,NULL,NULL),(2,'',3,172,NULL,NULL,NULL,NULL,NULL),(3,'',3,141,NULL,NULL,NULL,NULL,NULL),(4,'',3,16,NULL,NULL,NULL,NULL,NULL),(5,'重庆朱沱',3,0,NULL,NULL,191,NULL,NULL),(6,'',3,200,NULL,NULL,NULL,NULL,NULL),(7,'',3,0,NULL,NULL,NULL,NULL,NULL),(8,'浙江湖州新塘港',3,0,NULL,NULL,4,NULL,NULL),(9,'',3,0,NULL,NULL,NULL,NULL,NULL),(10,'',3,0,NULL,NULL,NULL,NULL,NULL),(11,'',3,0,NULL,NULL,NULL,NULL,NULL),(12,'河南济源小浪底',3,0,NULL,NULL,121,NULL,NULL),(13,'',3,0,NULL,NULL,NULL,NULL,NULL),(14,'黑龙江肇源',3,0,NULL,NULL,223,NULL,NULL),(15,'',3,0,NULL,NULL,NULL,NULL,NULL),(16,'湖南岳阳城陵矶',3,4,NULL,NULL,48,NULL,NULL),(17,'',3,0,NULL,NULL,NULL,NULL,NULL),(18,'江苏南京林山',3,0,NULL,NULL,146,NULL,NULL),(19,'江苏盱眙',3,0,NULL,NULL,155,NULL,NULL),(20,'江苏邳苍',3,0,NULL,NULL,158,NULL,NULL),(21,'',3,0,NULL,NULL,NULL,NULL,NULL),(22,'',3,0,NULL,NULL,NULL,NULL,NULL),(23,'',3,0,NULL,NULL,NULL,NULL,NULL),(24,'',3,0,NULL,NULL,NULL,NULL,NULL),(25,'',3,0,NULL,NULL,NULL,NULL,NULL),(26,'',3,0,NULL,NULL,NULL,NULL,NULL),(27,'',3,0,NULL,NULL,NULL,NULL,NULL),(28,'',3,0,NULL,NULL,NULL,NULL,NULL),(29,'',3,0,NULL,NULL,NULL,NULL,NULL),(30,'',3,0,NULL,NULL,NULL,NULL,NULL),(31,'',3,0,NULL,NULL,NULL,NULL,NULL),(32,'安徽阜南王家坝',3,0,NULL,NULL,22,NULL,NULL),(33,'',3,0,NULL,NULL,NULL,NULL,NULL),(34,'',3,0,NULL,NULL,NULL,NULL,NULL),(35,'',3,0,NULL,NULL,NULL,NULL,NULL),(36,'',3,0,NULL,NULL,NULL,NULL,NULL),(37,'',3,0,NULL,NULL,NULL,NULL,NULL),(38,'',3,0,NULL,NULL,NULL,NULL,NULL),(39,'',3,0,NULL,NULL,NULL,NULL,NULL),(40,'',3,0,NULL,NULL,NULL,NULL,NULL),(41,'',3,0,NULL,NULL,NULL,NULL,NULL),(42,'',3,0,NULL,NULL,NULL,NULL,NULL),(43,'',3,0,NULL,NULL,NULL,NULL,NULL),(44,'',3,0,NULL,NULL,NULL,NULL,NULL),(45,'',3,0,NULL,NULL,NULL,NULL,NULL),(46,'',3,0,NULL,NULL,NULL,NULL,NULL),(47,'',3,0,NULL,NULL,NULL,NULL,NULL),(48,'',3,0,NULL,NULL,NULL,NULL,NULL),(49,'',3,0,NULL,NULL,NULL,NULL,NULL),(50,'',3,0,NULL,NULL,NULL,NULL,NULL),(51,'',3,0,NULL,NULL,NULL,NULL,NULL),(52,'',3,0,NULL,NULL,NULL,NULL,NULL),(53,'北京古北口',3,0,NULL,NULL,290,NULL,NULL),(54,'天津果河桥',3,0,NULL,NULL,306,NULL,NULL),(55,'河南周口鹿邑付桥闸',3,0,NULL,NULL,129,NULL,NULL),(56,'安徽安庆皖河口',3,0,NULL,NULL,17,NULL,NULL),(57,'辽宁铁岭朱尔山',3,0,NULL,NULL,242,NULL,NULL),(58,'安徽淮南石头埠',3,0,NULL,NULL,15,NULL,NULL),(59,'安徽界首七渡口',3,0,NULL,NULL,22,NULL,NULL),(60,'天津三岔口',3,3,NULL,NULL,306,NULL,NULL),(61,'辽宁盘锦兴安',3,0,NULL,NULL,241,NULL,NULL),(62,'云南昆明西苑隧道',3,0,NULL,NULL,98,NULL,NULL),(63,'广东广州长洲',3,6,NULL,NULL,61,NULL,NULL),(64,'广东清远七星岗',3,0,NULL,NULL,76,NULL,NULL),(65,'湖北武汉宗关',3,3,NULL,NULL,82,NULL,NULL),(66,'河北张家口八号桥',3,0,NULL,NULL,NULL,NULL,NULL),(67,'吉林长春松花江村',3,0,NULL,NULL,245,NULL,NULL),(68,'吉林白城白沙滩',3,0,NULL,NULL,252,NULL,NULL),(69,'黑龙江同江',3,0,NULL,NULL,225,NULL,NULL),(70,'辽宁营口辽河公园',3,0,NULL,NULL,238,NULL,NULL),(71,'',3,0,NULL,NULL,NULL,NULL,NULL),(72,'河北石家庄岗南水库',3,0,NULL,NULL,351,NULL,NULL),(73,'北京门头沟沿河城',3,0,NULL,NULL,282,NULL,NULL),(74,'四川攀枝花龙洞',3,0,NULL,NULL,161,NULL,NULL),(75,'湖北宜昌南津关',3,0,NULL,NULL,85,NULL,NULL),(76,'江西九江河西水厂',3,0,NULL,NULL,43,NULL,NULL),(77,'江苏无锡沙渚',3,0,NULL,NULL,149,NULL,NULL),(78,'安徽巢湖裕溪口',3,0,NULL,NULL,12,NULL,NULL),(79,'广西梧州界首',3,0,NULL,NULL,NULL,NULL,NULL),(80,'广西南宁老口',3,0,NULL,NULL,NULL,NULL,NULL),(81,'甘肃兰州新城桥',3,0,NULL,NULL,NULL,NULL,NULL),(82,'',3,0,NULL,NULL,NULL,NULL,NULL),(83,'内蒙古包头画匠营子',3,0,NULL,NULL,255,NULL,NULL),(84,'山西运城河津大桥',3,1,NULL,NULL,NULL,NULL,NULL),(85,'山东济南泺口',3,0,NULL,NULL,NULL,NULL,NULL),(86,'',3,0,NULL,NULL,NULL,NULL,NULL),(87,'',3,0,NULL,NULL,NULL,NULL,NULL),(88,'',3,0,NULL,NULL,NULL,NULL,NULL),(89,'',3,0,NULL,NULL,NULL,NULL,NULL),(90,'',3,0,NULL,NULL,NULL,NULL,NULL),(91,'',3,0,NULL,NULL,NULL,NULL,NULL),(92,'',3,0,NULL,NULL,NULL,NULL,NULL),(93,'',3,0,NULL,NULL,NULL,NULL,NULL),(94,'',3,0,NULL,NULL,NULL,NULL,NULL),(95,'',3,0,NULL,NULL,NULL,NULL,NULL),(96,'',3,0,NULL,NULL,NULL,NULL,NULL),(97,'浙江嘉兴王江泾',3,0,NULL,NULL,3,NULL,NULL),(98,'',3,0,NULL,NULL,NULL,NULL,NULL),(99,'',3,0,NULL,NULL,NULL,NULL,NULL),(100,'',3,0,NULL,NULL,NULL,NULL,NULL),(101,'',3,0,NULL,NULL,NULL,NULL,NULL),(102,'',3,0,NULL,NULL,NULL,NULL,NULL),(103,'江苏苏州西山',3,0,NULL,NULL,150,NULL,NULL),(104,'浙江杭州鸠坑口',3,0,NULL,NULL,1,NULL,NULL),(105,'安徽合肥湖滨',3,0,NULL,NULL,12,NULL,NULL),(106,'安徽淮北小王桥',3,1,NULL,NULL,18,NULL,NULL),(107,'湖南岳阳岳阳楼',3,0,NULL,NULL,48,NULL,NULL),(108,'山西忻州万家寨',3,0,NULL,NULL,385,NULL,NULL),(109,'安徽蚌埠蚌埠闸',3,0,NULL,NULL,14,NULL,NULL),(110,'湖南长沙新港',3,0,NULL,NULL,47,NULL,NULL),(111,'江苏宜兴兰山嘴',3,0,NULL,NULL,149,NULL,NULL),(112,'江苏扬州三江营',3,0,NULL,NULL,153,NULL,NULL),(113,'宁夏中卫新墩',3,0,NULL,NULL,329,NULL,NULL),(114,'江西九江蛤蟆石',3,0,NULL,NULL,43,NULL,NULL),(115,'山东临沂清泉寺',3,0,NULL,NULL,376,NULL,NULL),(116,'辽宁抚顺大伙房水库',3,0,NULL,NULL,234,NULL,NULL),(117,'四川宜宾凉姜沟',3,6,NULL,NULL,170,NULL,NULL),(118,'四川泸州沱江二桥',3,0,NULL,NULL,176,NULL,NULL),(119,'四川乐山岷江大桥',3,0,NULL,NULL,167,NULL,NULL),(120,'河南驻马店班台',3,0,NULL,NULL,130,NULL,NULL),(121,'内蒙古乌海海勃湾',3,3,NULL,NULL,256,NULL,NULL),(122,'河南周口沈丘闸',3,0,NULL,NULL,129,NULL,NULL),(123,'江西南昌滁槎',3,0,NULL,NULL,37,NULL,NULL),(124,'云南昆明观音山',3,0,NULL,NULL,98,NULL,NULL),(125,'湖北丹江口胡家岭',3,0,NULL,NULL,84,NULL,NULL),(126,'广西贵港石嘴',3,0,NULL,NULL,314,NULL,NULL),(127,'广西凭祥平而关',3,0,NULL,NULL,320,NULL,NULL),(128,'福建福州白岩潭',3,0,NULL,NULL,28,NULL,NULL),(129,'上海青浦急水港',3,0,NULL,NULL,143,NULL,NULL),(130,'',3,0,NULL,NULL,NULL,NULL,NULL),(131,'广西桂林阳朔',3,0,NULL,NULL,309,NULL,NULL),(132,'辽宁辽阳汤河水库',3,0,NULL,NULL,240,NULL,NULL),(133,'黑龙江黑河',3,0,NULL,NULL,228,NULL,NULL),(134,'山东枣庄台儿庄',3,0,NULL,NULL,365,NULL,NULL),(135,'辽宁丹东鸭绿江桥',3,0,NULL,NULL,236,NULL,NULL),(136,'吉林延边圈河',3,5,NULL,NULL,253,NULL,NULL),(137,'河南南阳陶岔',3,2,NULL,NULL,126,NULL,NULL),(138,'山东聊城秤钩湾',3,0,NULL,NULL,375,NULL,NULL),(139,'浙江嘉兴斜路港',3,0,NULL,NULL,3,NULL,NULL),(140,'云南西双版纳橄榄坝',3,0,NULL,NULL,108,NULL,NULL),(141,'陕西渭南潼关吊桥',3,3,NULL,NULL,271,NULL,NULL),(142,'广东中山横栏',3,0,NULL,NULL,78,NULL,NULL),(143,'内蒙古呼伦贝尔黑山头',3,6,NULL,NULL,260,NULL,NULL),(144,'黑龙江抚远乌苏镇',3,0,NULL,NULL,225,NULL,NULL),(145,'',3,0,NULL,NULL,NULL,NULL,NULL),(146,'云南红河州河口',3,0,NULL,NULL,107,NULL,NULL),(147,'山东临沂重坊桥',3,0,NULL,NULL,376,NULL,NULL),(148,'',3,0,NULL,NULL,NULL,NULL,NULL),(149,'安徽滁州小柳巷',3,0,NULL,NULL,21,NULL,NULL),(150,'山东临沂涝沟桥',3,0,NULL,NULL,376,NULL,NULL),(151,'安徽宿州泗县公路桥',3,0,NULL,NULL,24,NULL,NULL),(152,'江苏泗洪大屈',3,0,NULL,NULL,156,NULL,NULL),(153,'江苏徐州小红圈',3,0,NULL,NULL,158,NULL,NULL),(154,'河南信阳淮滨水文站',3,0,NULL,NULL,128,NULL,NULL),(155,'安徽亳州颜集',3,0,NULL,NULL,25,NULL,NULL),(156,'江苏连云港大兴桥',3,0,NULL,NULL,157,NULL,NULL),(157,'河南永城黄口',3,0,NULL,NULL,127,NULL,NULL),(158,'四川广元清风峡',3,0,NULL,NULL,164,NULL,NULL),(159,'安徽宿州杨庄',3,0,NULL,NULL,24,NULL,NULL),(160,'',3,0,NULL,NULL,NULL,NULL,NULL),(161,'安徽阜阳张大桥',3,0,NULL,NULL,22,NULL,NULL),(162,'河南信阳蒋集水文站',3,0,NULL,NULL,128,NULL,NULL),(163,'',3,0,NULL,NULL,NULL,NULL,NULL),(164,'江苏徐州李集桥',3,0,NULL,NULL,158,NULL,NULL),(165,'',3,0,NULL,NULL,NULL,NULL,NULL),(166,'安徽阜阳徐庄',3,0,NULL,NULL,22,NULL,NULL),(167,'贵州赤水鲢鱼溪',3,3,NULL,NULL,344,NULL,NULL),(168,'湖北鄂州七星',3,0,NULL,NULL,87,NULL,NULL),(169,'',3,0,NULL,NULL,NULL,NULL,NULL),(170,'',3,0,NULL,NULL,NULL,NULL,NULL),(171,'',3,0,NULL,NULL,NULL,NULL,NULL),(172,'湖南岳阳鹿角',3,2,NULL,NULL,48,NULL,NULL),(173,'湖南常德坡头',3,0,NULL,NULL,53,NULL,NULL),(174,'',3,0,NULL,NULL,NULL,NULL,NULL),(175,'湖南常德沙河口',3,0,NULL,NULL,53,NULL,NULL),(176,'湖南益阳南嘴',3,0,NULL,NULL,55,NULL,NULL),(177,'云南玉溪孤山',3,0,NULL,NULL,100,NULL,NULL),(178,'宁夏石嘴山麻黄沟',3,0,NULL,NULL,326,NULL,NULL),(179,'甘肃天水牛背',3,0,NULL,NULL,338,NULL,NULL),(180,'吉林集安上活龙',3,0,NULL,NULL,249,NULL,NULL),(181,'青海湟水民和桥',3,0,NULL,NULL,NULL,NULL,NULL),(182,'内蒙古呼伦贝尔嵯岗',3,0,NULL,NULL,260,NULL,NULL),(183,'内蒙古呼伦贝尔大铁桥',3,0,NULL,NULL,260,NULL,NULL),(184,'湖南益阳万家嘴',3,0,NULL,NULL,55,NULL,NULL),(185,'黑龙江呼玛',3,3,NULL,NULL,230,NULL,NULL),(186,'吉林临江苇沙河',3,0,NULL,NULL,250,NULL,NULL),(187,'吉林长白绿江村',3,0,NULL,NULL,250,NULL,NULL),(188,'吉林敦化新甸',3,0,NULL,NULL,253,NULL,NULL),(189,'吉林溪浪口',3,0,NULL,NULL,246,NULL,NULL),(190,'海南昌化江',3,0,NULL,NULL,321,NULL,NULL),(191,'黑龙江虎林',3,0,NULL,NULL,220,NULL,NULL),(192,'海南海口铁桥村',3,0,NULL,NULL,321,NULL,NULL),(193,'江西九江都昌',3,3,NULL,NULL,43,NULL,NULL),(194,'云南德宏嘎中桥',3,4,NULL,NULL,111,NULL,NULL),(195,'吉林松原松林',3,0,NULL,NULL,251,NULL,NULL),(196,'黑龙江嘉荫',3,0,NULL,NULL,224,NULL,NULL),(197,'云南大理小关邑',3,3,NULL,NULL,110,NULL,NULL),(198,'新疆额尔齐斯南湾水文站',3,0,NULL,NULL,NULL,NULL,NULL),(199,'新疆63团伊犁河大桥',3,0,NULL,NULL,NULL,NULL,NULL),(200,'黑龙江鸡西龙王庙',3,6,NULL,NULL,220,NULL,NULL),(201,'吉林长春南楼',3,0,NULL,NULL,245,NULL,NULL),(202,'海南万泉河丹村',3,4,NULL,NULL,NULL,NULL,NULL),(203,'江西上饶康山',3,0,NULL,NULL,39,NULL,NULL),(204,'黑龙江佳木斯江心岛',3,2,NULL,NULL,225,NULL,NULL),(205,'黑龙江牡丹江口内',3,0,NULL,NULL,NULL,NULL,NULL),(206,'广西防城港东兴',3,0,NULL,NULL,NULL,NULL,NULL),(207,'黑龙江鸡西知一桥',3,0,NULL,NULL,NULL,NULL,NULL),(208,'黑龙江鸡西档壁镇',3,0,NULL,NULL,NULL,NULL,NULL),(209,'云南昆明滇池南岸',3,0,NULL,NULL,98,NULL,NULL),(210,'云南昆明罗家营',3,0,NULL,NULL,98,NULL,NULL),(211,'吉林延边南坪',3,5,NULL,NULL,NULL,NULL,NULL),(212,'内蒙古呼伦贝尔贝尔湖',3,0,NULL,NULL,NULL,NULL,NULL),(213,'黑龙江漠河北极村',3,0,NULL,NULL,NULL,NULL,NULL),(214,'西藏林芝米瑞',3,0,NULL,NULL,NULL,NULL,NULL),(215,'黑龙江抚远',3,0,NULL,NULL,NULL,NULL,NULL),(216,'广西崇左八角电站',3,0,NULL,NULL,NULL,NULL,NULL),(217,'云南保山红旗桥',3,5,NULL,NULL,NULL,NULL,NULL),(218,'黑龙江哈尔滨呼兰河铁路桥',3,4,NULL,NULL,NULL,NULL,NULL),(219,'云南大理洱海金河站',3,4,NULL,NULL,110,NULL,NULL),(220,'stb',3,0,NULL,NULL,NULL,NULL,NULL),(221,'stb',3,0,NULL,NULL,NULL,NULL,NULL),(222,'',3,0,NULL,NULL,NULL,NULL,NULL);

#
# Structure for table "info"
#

DROP TABLE IF EXISTS `info`;
CREATE TABLE `info` (
  `info_id` int(12) NOT NULL AUTO_INCREMENT,
  `sid` int(10) NOT NULL,
  `temperature` decimal(8,2) DEFAULT NULL,
  `ph` decimal(8,2) DEFAULT NULL,
  `dissolved_oxyge` decimal(8,2) DEFAULT NULL,
  `permanganate_index` decimal(8,2) DEFAULT NULL,
  `fluoride` decimal(8,2) DEFAULT NULL,
  `ammontia` decimal(8,2) DEFAULT NULL,
  `pertoleum` decimal(8,2) DEFAULT NULL,
  `bod5` decimal(8,2) DEFAULT NULL,
  `electrical_conductivity` decimal(8,2) DEFAULT NULL,
  `turbidity` decimal(8,2) DEFAULT NULL,
  `chlorophyll_a` decimal(8,2) DEFAULT NULL,
  `blur_green_algae` decimal(8,2) DEFAULT NULL,
  `wtime` bigint(20) DEFAULT NULL,
  PRIMARY KEY (`info_id`),
  KEY `sid` (`sid`),
  CONSTRAINT `info_ibfk_1` FOREIGN KEY (`sid`) REFERENCES `site` (`site_id`)
) ENGINE=InnoDB AUTO_INCREMENT=301 DEFAULT CHARSET=utf8;

#
# Data for table "info"
#

INSERT INTO `info` VALUES (151,5,NULL,8.19,7.94,2.02,NULL,0.13,NULL,NULL,NULL,NULL,NULL,NULL,1491364800000),(152,8,NULL,7.63,8.95,3.56,NULL,0.61,NULL,NULL,NULL,NULL,NULL,NULL,1491364800000),(153,12,NULL,8.43,13.03,2.74,NULL,9999.00,NULL,NULL,NULL,NULL,NULL,NULL,1491364800000),(154,14,NULL,7.03,6.97,4.18,NULL,0.31,NULL,NULL,NULL,NULL,NULL,NULL,1491364800000),(155,16,NULL,7.27,10.81,2.51,NULL,0.34,NULL,NULL,NULL,NULL,NULL,NULL,1490846400000),(156,18,NULL,8.02,8.19,2.67,NULL,0.13,NULL,NULL,NULL,NULL,NULL,NULL,1491364800000),(157,19,NULL,6.78,6.23,5.91,NULL,9999.00,NULL,NULL,NULL,NULL,NULL,NULL,1491364800000),(158,20,NULL,8.45,10.25,3.90,NULL,9999.00,NULL,NULL,NULL,NULL,NULL,NULL,1491364800000),(159,32,NULL,8.49,7.56,5.77,NULL,0.10,NULL,NULL,NULL,NULL,NULL,NULL,1491364800000),(160,53,NULL,7.71,7.85,2.79,NULL,0.51,NULL,NULL,NULL,NULL,NULL,NULL,1491364800000),(161,54,NULL,7.79,3.89,9999.00,NULL,0.14,NULL,NULL,NULL,NULL,NULL,NULL,1491364800000),(162,55,NULL,8.12,11.62,9999.00,NULL,9999.00,NULL,NULL,NULL,NULL,NULL,NULL,1491364800000),(163,56,NULL,7.54,8.12,2.67,NULL,0.17,NULL,NULL,NULL,NULL,NULL,NULL,1491364800000),(164,57,NULL,8.03,12.06,9999.00,NULL,1.03,NULL,NULL,NULL,NULL,NULL,NULL,1491364800000),(165,58,NULL,6.80,8.38,0.85,NULL,9999.00,NULL,NULL,NULL,NULL,NULL,NULL,1491177600000),(166,59,NULL,7.64,7.96,4.04,NULL,9999.00,NULL,NULL,NULL,NULL,NULL,NULL,1491364800000),(167,60,NULL,7.56,10.87,2.43,NULL,2.12,NULL,NULL,NULL,NULL,NULL,NULL,1490745600000),(168,61,NULL,9.01,15.54,9999.00,NULL,0.70,NULL,NULL,NULL,NULL,NULL,NULL,1491364800000),(169,62,NULL,7.57,8.91,4.21,NULL,0.07,NULL,NULL,NULL,NULL,NULL,NULL,1491368400000),(170,63,NULL,6.98,2.57,2.77,NULL,0.44,NULL,NULL,NULL,NULL,NULL,NULL,1465660800000),(171,64,NULL,7.61,6.82,1.72,NULL,0.40,NULL,NULL,NULL,NULL,NULL,NULL,1491364800000),(172,65,NULL,7.63,9.42,4.01,NULL,0.37,NULL,NULL,NULL,NULL,NULL,NULL,1491076800000),(173,66,NULL,7.13,9.46,4.40,NULL,0.41,NULL,NULL,NULL,NULL,NULL,NULL,1491364800000),(174,67,NULL,6.97,8.10,6.78,NULL,0.14,NULL,NULL,NULL,NULL,NULL,NULL,1491364800000),(175,68,NULL,7.39,8.26,4.80,NULL,0.31,NULL,NULL,NULL,NULL,NULL,NULL,1491336000000),(176,69,NULL,7.00,11.24,9999.00,NULL,0.47,NULL,NULL,NULL,NULL,NULL,NULL,1491364800000),(177,70,NULL,7.26,10.38,5.99,NULL,3.96,NULL,NULL,NULL,NULL,NULL,NULL,1491364800000),(178,72,NULL,8.02,10.33,1.47,NULL,9999.00,NULL,NULL,NULL,NULL,NULL,NULL,1491364800000),(179,73,NULL,8.33,11.27,3.17,NULL,0.20,NULL,NULL,NULL,NULL,NULL,NULL,1491364800000),(180,74,NULL,8.45,8.90,1.50,NULL,0.06,NULL,NULL,NULL,NULL,NULL,NULL,1491364800000),(181,75,NULL,7.32,8.58,2.00,NULL,0.15,NULL,NULL,NULL,NULL,NULL,NULL,1491364800000),(182,76,NULL,7.10,8.55,2.67,NULL,0.04,NULL,NULL,NULL,NULL,NULL,NULL,1491364800000),(183,77,NULL,7.87,8.36,8.30,NULL,9999.00,NULL,NULL,NULL,NULL,NULL,NULL,1491372000000),(184,78,NULL,7.41,7.55,3.75,NULL,0.22,NULL,NULL,NULL,NULL,NULL,NULL,1491364800000),(185,79,NULL,7.69,7.87,2.46,NULL,0.13,NULL,NULL,NULL,NULL,NULL,NULL,1491364800000),(186,80,NULL,7.40,7.36,1.30,NULL,0.13,NULL,NULL,NULL,NULL,NULL,NULL,1491364800000),(187,81,NULL,8.11,8.10,2.37,NULL,0.18,NULL,NULL,NULL,NULL,NULL,NULL,1491364800000),(188,83,NULL,7.74,9.55,3.45,NULL,0.22,NULL,NULL,NULL,NULL,NULL,NULL,1491364800000),(189,84,NULL,7.11,2.71,24.88,NULL,11.10,NULL,NULL,NULL,NULL,NULL,NULL,1490587200000),(190,85,NULL,8.22,10.03,2.70,NULL,0.21,NULL,NULL,NULL,NULL,NULL,NULL,1491364800000),(191,97,NULL,6.71,6.58,4.16,NULL,1.30,NULL,NULL,NULL,NULL,NULL,NULL,1491364800000),(192,103,NULL,7.40,8.94,4.45,NULL,9999.00,NULL,NULL,NULL,NULL,NULL,NULL,1491364800000),(193,104,NULL,7.23,10.20,1.78,NULL,9999.00,NULL,NULL,NULL,NULL,NULL,NULL,1491364800000),(194,105,NULL,6.78,8.49,5.19,NULL,9999.00,NULL,NULL,NULL,NULL,NULL,NULL,1491364800000),(195,106,NULL,7.37,9999.00,9999.00,NULL,9999.00,NULL,NULL,NULL,NULL,NULL,NULL,1490500800000),(196,107,NULL,7.20,10.03,9999.00,NULL,9999.00,NULL,NULL,NULL,NULL,NULL,NULL,1491350400000),(197,108,NULL,8.16,11.98,2.89,NULL,9999.00,NULL,NULL,NULL,NULL,NULL,NULL,1491364800000),(198,109,NULL,7.40,6.54,3.29,NULL,0.19,NULL,NULL,NULL,NULL,NULL,NULL,1491364800000),(199,110,NULL,6.82,6.69,2.85,NULL,0.16,NULL,NULL,NULL,NULL,NULL,NULL,1491364800000),(200,111,NULL,7.28,9.52,9.49,NULL,9999.00,NULL,NULL,NULL,NULL,NULL,NULL,1491364800000),(201,112,NULL,7.00,6.75,2.12,NULL,9999.00,NULL,NULL,NULL,NULL,NULL,NULL,1491364800000),(202,113,NULL,8.40,11.04,2.14,NULL,0.10,NULL,NULL,NULL,NULL,NULL,NULL,1491364800000),(203,114,NULL,6.91,7.80,2.14,NULL,9999.00,NULL,NULL,NULL,NULL,NULL,NULL,1491364800000),(204,115,NULL,8.16,7.87,9999.00,NULL,0.09,NULL,NULL,NULL,NULL,NULL,NULL,1491364800000),(205,116,NULL,7.50,11.08,9999.00,NULL,9999.00,NULL,NULL,NULL,NULL,NULL,NULL,1491364800000),(206,117,NULL,7.41,9.67,1.87,NULL,0.22,NULL,NULL,NULL,NULL,NULL,NULL,1487131200000),(207,118,NULL,8.08,10.20,3.05,NULL,0.06,NULL,NULL,NULL,NULL,NULL,NULL,1491364800000),(208,119,NULL,6.95,7.92,2.89,NULL,0.33,NULL,NULL,NULL,NULL,NULL,NULL,1491364800000),(209,120,NULL,7.84,6.30,9999.00,NULL,0.77,NULL,NULL,NULL,NULL,NULL,NULL,1491364800000),(210,121,NULL,8.11,10.48,2.69,NULL,0.12,NULL,NULL,NULL,NULL,NULL,NULL,1491076800000),(211,122,NULL,7.63,5.01,5.20,NULL,0.80,NULL,NULL,NULL,NULL,NULL,NULL,1491364800000),(212,123,NULL,6.58,7.48,5.18,NULL,0.20,NULL,NULL,NULL,NULL,NULL,NULL,1491361200000),(213,124,NULL,8.36,7.18,9.57,NULL,0.36,NULL,NULL,NULL,NULL,NULL,NULL,1491364800000),(214,125,NULL,8.05,10.02,2.14,NULL,9999.00,NULL,NULL,NULL,NULL,NULL,NULL,1491364800000),(215,126,NULL,7.82,7.06,2.56,NULL,0.18,NULL,NULL,NULL,NULL,NULL,NULL,1491364800000),(216,127,NULL,7.62,8.45,1.25,NULL,0.05,NULL,NULL,NULL,NULL,NULL,NULL,1491361200000),(217,128,NULL,6.68,9.96,2.29,NULL,0.12,NULL,NULL,NULL,NULL,NULL,NULL,1491364800000),(218,129,NULL,7.61,8.31,3.68,NULL,0.94,NULL,NULL,NULL,NULL,NULL,NULL,1491372000000),(219,131,NULL,7.36,5.91,0.62,NULL,0.05,NULL,NULL,NULL,NULL,NULL,NULL,1491364800000),(220,132,NULL,7.19,9999.00,1.86,NULL,9999.00,NULL,NULL,NULL,NULL,NULL,NULL,1491364800000),(221,133,NULL,6.84,8.80,7.37,NULL,2.41,NULL,NULL,NULL,NULL,NULL,NULL,1491364800000),(222,134,NULL,7.41,9.72,4.04,NULL,0.52,NULL,NULL,NULL,NULL,NULL,NULL,1491364800000),(223,135,NULL,7.82,12.75,1.45,NULL,9999.00,NULL,NULL,NULL,NULL,NULL,NULL,1491364800000),(224,136,NULL,7.26,5.76,3.24,NULL,9999.00,NULL,NULL,NULL,NULL,NULL,NULL,1490587200000),(225,137,NULL,8.33,11.65,9999.00,NULL,0.03,NULL,NULL,NULL,NULL,NULL,NULL,1491364800000),(226,138,NULL,7.92,4.03,9999.00,NULL,9999.00,NULL,NULL,NULL,NULL,NULL,NULL,1491364800000),(227,139,NULL,7.21,9999.00,4.69,NULL,1.49,NULL,NULL,NULL,NULL,NULL,NULL,1491364800000),(228,140,NULL,7.66,9.94,1.86,NULL,0.14,NULL,NULL,NULL,NULL,NULL,NULL,1491364800000),(229,141,NULL,7.54,13.76,2.51,NULL,0.94,NULL,NULL,NULL,NULL,NULL,NULL,1491076800000),(230,142,NULL,7.51,5.29,2.14,NULL,9999.00,NULL,NULL,NULL,NULL,NULL,NULL,1466712000000),(231,143,NULL,7.40,10.69,4.59,NULL,0.02,NULL,NULL,NULL,NULL,NULL,NULL,1491076800000),(232,144,NULL,7.05,8.50,5.49,NULL,0.32,NULL,NULL,NULL,NULL,NULL,NULL,1491364800000),(233,146,NULL,7.64,6.43,1.30,NULL,0.05,NULL,NULL,NULL,NULL,NULL,NULL,1491364800000),(234,147,NULL,7.21,0.70,5.40,NULL,0.55,NULL,NULL,NULL,NULL,NULL,NULL,1491364800000),(235,149,NULL,7.89,9.09,2.22,NULL,0.21,NULL,NULL,NULL,NULL,NULL,NULL,1491364800000),(236,150,NULL,7.78,5.11,5.09,NULL,0.21,NULL,NULL,NULL,NULL,NULL,NULL,1491364800000),(237,151,NULL,8.72,10.49,3.55,NULL,0.05,NULL,NULL,NULL,NULL,NULL,NULL,1491350400000),(238,152,NULL,7.88,7.06,1.94,NULL,0.12,NULL,NULL,NULL,NULL,NULL,NULL,1491364800000),(239,153,NULL,7.77,9.63,2.90,NULL,0.33,NULL,NULL,NULL,NULL,NULL,NULL,1491364800000),(240,154,NULL,7.36,10.21,3.14,NULL,0.05,NULL,NULL,NULL,NULL,NULL,NULL,1491364800000),(241,155,NULL,7.90,1.12,4.47,NULL,2.46,NULL,NULL,NULL,NULL,NULL,NULL,1491364800000),(242,156,NULL,7.66,6.78,4.38,NULL,0.19,NULL,NULL,NULL,NULL,NULL,NULL,1491364800000),(243,157,NULL,8.49,11.84,5.11,NULL,9999.00,NULL,NULL,NULL,NULL,NULL,NULL,1491364800000),(244,158,NULL,8.10,9.19,9999.00,NULL,0.05,NULL,NULL,NULL,NULL,NULL,NULL,1491361200000),(245,159,NULL,7.44,1.06,3.15,NULL,3.49,NULL,NULL,NULL,NULL,NULL,NULL,1491364800000),(246,161,NULL,8.79,9.58,9.30,NULL,0.10,NULL,NULL,NULL,NULL,NULL,NULL,1491364800000),(247,162,NULL,7.70,7.21,2.89,NULL,0.19,NULL,NULL,NULL,NULL,NULL,NULL,1491364800000),(248,164,NULL,8.06,9.12,2.62,NULL,9999.00,NULL,NULL,NULL,NULL,NULL,NULL,1491364800000),(249,166,NULL,8.07,8.38,4.57,NULL,0.30,NULL,NULL,NULL,NULL,NULL,NULL,1491364800000),(250,167,NULL,7.08,9.61,1.87,NULL,9999.00,NULL,NULL,NULL,NULL,NULL,NULL,1491076800000),(251,168,NULL,7.92,9.66,0.40,NULL,0.19,NULL,NULL,NULL,NULL,NULL,NULL,1491364800000),(252,172,NULL,7.40,6.67,9999.00,NULL,0.07,NULL,NULL,NULL,NULL,NULL,NULL,1413172800000),(253,173,NULL,9999.00,9999.00,0.99,NULL,3.60,NULL,NULL,NULL,NULL,NULL,NULL,1491364800000),(254,175,NULL,7.72,11.78,1.06,NULL,9999.00,NULL,NULL,NULL,NULL,NULL,NULL,1491364800000),(255,176,NULL,7.48,14.79,1.42,NULL,0.52,NULL,NULL,NULL,NULL,NULL,NULL,1487707200000),(256,177,NULL,8.91,7.72,9999.00,NULL,9999.00,NULL,NULL,NULL,NULL,NULL,NULL,1491350400000),(257,178,NULL,8.35,10.92,5.24,NULL,0.42,NULL,NULL,NULL,NULL,NULL,NULL,1491350400000),(258,179,NULL,8.49,6.24,1.50,NULL,9999.00,NULL,NULL,NULL,NULL,NULL,NULL,1491336000000),(259,180,NULL,7.73,10.73,9999.00,NULL,9999.00,NULL,NULL,NULL,NULL,NULL,NULL,1491364800000),(260,181,NULL,8.09,7.88,7.80,NULL,3.33,NULL,NULL,NULL,NULL,NULL,NULL,1491364800000),(261,182,NULL,8.34,8.68,2.74,NULL,0.55,NULL,NULL,NULL,NULL,NULL,NULL,1491364800000),(262,183,NULL,8.52,9.42,3.75,NULL,0.22,NULL,NULL,NULL,NULL,NULL,NULL,1491364800000),(263,184,NULL,7.73,8.49,9999.00,NULL,9999.00,NULL,NULL,NULL,NULL,NULL,NULL,1491364800000),(264,185,NULL,6.99,12.03,9999.00,NULL,9999.00,NULL,NULL,NULL,NULL,NULL,NULL,1491076800000),(265,186,NULL,8.24,11.93,2.59,NULL,0.25,NULL,NULL,NULL,NULL,NULL,NULL,1491364800000),(266,187,NULL,6.60,8.72,3.57,NULL,0.36,NULL,NULL,NULL,NULL,NULL,NULL,1491364800000),(267,188,NULL,7.89,10.47,4.21,NULL,0.75,NULL,NULL,NULL,NULL,NULL,NULL,1491364800000),(268,189,NULL,6.62,5.70,3.20,NULL,9999.00,NULL,NULL,NULL,NULL,NULL,NULL,1491321600000),(269,190,NULL,7.52,7.44,1.52,NULL,0.09,NULL,NULL,NULL,NULL,NULL,NULL,1491364800000),(270,191,NULL,7.91,8.94,5.52,NULL,9999.00,NULL,NULL,NULL,NULL,NULL,NULL,1491364800000),(271,192,NULL,7.49,7.53,2.80,NULL,0.09,NULL,NULL,NULL,NULL,NULL,NULL,1491364800000),(272,193,NULL,8.38,7.43,2.10,NULL,0.32,NULL,NULL,NULL,NULL,NULL,NULL,1490659200000),(273,194,NULL,7.70,8.72,1.41,NULL,0.23,NULL,NULL,NULL,NULL,NULL,NULL,1464840000000),(274,195,NULL,8.00,9.17,9999.00,NULL,9999.00,NULL,NULL,NULL,NULL,NULL,NULL,1491364800000),(275,196,NULL,7.10,6.15,9999.00,NULL,0.22,NULL,NULL,NULL,NULL,NULL,NULL,1491364800000),(276,197,NULL,8.64,9.32,9999.00,NULL,9999.00,NULL,NULL,NULL,NULL,NULL,NULL,1484179200000),(277,198,NULL,8.44,12.37,1.81,NULL,9999.00,NULL,NULL,NULL,NULL,NULL,NULL,1491364800000),(278,199,NULL,8.28,8.26,5.06,NULL,0.25,NULL,NULL,NULL,NULL,NULL,NULL,1491364800000),(279,200,NULL,8.79,7.95,5.20,NULL,0.21,NULL,NULL,NULL,NULL,NULL,NULL,1356926400000),(280,201,NULL,7.64,6.66,9.34,NULL,2.75,NULL,NULL,NULL,NULL,NULL,NULL,1491364800000),(281,202,NULL,6.54,5.56,3.06,NULL,9999.00,NULL,NULL,NULL,NULL,NULL,NULL,1465862400000),(282,203,NULL,6.47,9999.00,3.90,NULL,9999.00,NULL,NULL,NULL,NULL,NULL,NULL,1491364800000),(283,204,NULL,6.86,10.56,2.57,NULL,0.09,NULL,NULL,NULL,NULL,NULL,NULL,1490558400000),(284,205,NULL,7.61,8.45,4.21,NULL,0.17,NULL,NULL,NULL,NULL,NULL,NULL,1491364800000),(285,206,NULL,6.93,8.65,1.52,NULL,0.09,NULL,NULL,NULL,NULL,NULL,NULL,1491364800000),(286,207,NULL,8.15,9999.00,7.60,NULL,9999.00,NULL,NULL,NULL,NULL,NULL,NULL,1491364800000),(287,208,NULL,7.26,18.48,9999.00,NULL,0.29,NULL,NULL,NULL,NULL,NULL,NULL,1491192000000),(288,209,NULL,8.26,7.31,7.20,NULL,0.35,NULL,NULL,NULL,NULL,NULL,NULL,1491364800000),(289,210,NULL,9.18,7.93,5.32,NULL,0.71,NULL,NULL,NULL,NULL,NULL,NULL,1491364800000),(290,211,NULL,7.56,9.69,9999.00,NULL,9999.00,NULL,NULL,NULL,NULL,NULL,NULL,1472572800000),(291,212,NULL,7.30,10.39,9999.00,NULL,0.28,NULL,NULL,NULL,NULL,NULL,NULL,1491368400000),(292,213,NULL,9.10,6.35,7.11,NULL,0.41,NULL,NULL,NULL,NULL,NULL,NULL,1491364800000),(293,214,NULL,8.79,6.26,0.88,NULL,2.85,NULL,NULL,NULL,NULL,NULL,NULL,1491364800000),(294,215,NULL,7.50,10.31,6.00,NULL,0.22,NULL,NULL,NULL,NULL,NULL,NULL,1491364800000),(295,216,NULL,8.07,8.93,0.76,NULL,0.02,NULL,NULL,NULL,NULL,NULL,NULL,1491364800000),(296,217,NULL,8.50,7.71,1.38,NULL,0.17,NULL,NULL,NULL,NULL,NULL,NULL,1490572800000),(297,218,NULL,7.45,10.17,1.10,NULL,0.40,NULL,NULL,NULL,NULL,NULL,NULL,1490587200000),(298,219,NULL,8.47,9.08,1.95,NULL,0.28,NULL,NULL,NULL,NULL,NULL,NULL,1491076800000),(299,220,NULL,9999.00,9999.00,9999.00,NULL,9999.00,NULL,NULL,NULL,NULL,NULL,NULL,1491091200000),(300,222,NULL,9999.00,9999.00,9999.00,NULL,9999.00,NULL,NULL,NULL,NULL,NULL,NULL,1474862400000),(301,5,NULL,8.16,7.68,1.95,NULL,0.14,NULL,NULL,NULL,NULL,NULL,NULL,1491393600000),(302,8,NULL,7.62,8.89,3.56,NULL,0.60,NULL,NULL,NULL,NULL,NULL,NULL,1491379200000),(303,12,NULL,8.42,12.65,2.96,NULL,9999.00,NULL,NULL,NULL,NULL,NULL,NULL,1491379200000),(304,14,NULL,7.17,7.11,6.09,NULL,0.36,NULL,NULL,NULL,NULL,NULL,NULL,1491382800000),(305,16,NULL,7.27,10.81,2.51,NULL,0.34,NULL,NULL,NULL,NULL,NULL,NULL,1490846400000),(306,18,NULL,8.03,8.22,2.66,NULL,0.11,NULL,NULL,NULL,NULL,NULL,NULL,1491379200000),(307,19,NULL,6.77,6.13,6.34,NULL,9999.00,NULL,NULL,NULL,NULL,NULL,NULL,1491379200000),(308,20,NULL,8.67,10.14,3.80,NULL,9999.00,NULL,NULL,NULL,NULL,NULL,NULL,1491393600000),(309,32,NULL,8.64,7.52,5.98,NULL,0.09,NULL,NULL,NULL,NULL,NULL,NULL,1491379200000),(310,53,NULL,7.70,7.51,1.77,NULL,0.24,NULL,NULL,NULL,NULL,NULL,NULL,1491393600000),(311,54,NULL,8.39,8.41,9999.00,NULL,0.17,NULL,NULL,NULL,NULL,NULL,NULL,1491379200000),(312,55,NULL,8.25,12.22,2.89,NULL,0.20,NULL,NULL,NULL,NULL,NULL,NULL,1491393600000),(313,56,NULL,7.53,8.12,2.77,NULL,0.16,NULL,NULL,NULL,NULL,NULL,NULL,1491379200000),(314,57,NULL,8.03,11.48,9999.00,NULL,1.06,NULL,NULL,NULL,NULL,NULL,NULL,1491393600000),(315,58,NULL,6.80,8.38,0.85,NULL,9999.00,NULL,NULL,NULL,NULL,NULL,NULL,1491177600000),(316,59,NULL,7.67,8.03,4.10,NULL,9999.00,NULL,NULL,NULL,NULL,NULL,NULL,1491379200000),(317,60,NULL,7.56,10.87,2.43,NULL,2.12,NULL,NULL,NULL,NULL,NULL,NULL,1490745600000),(318,61,NULL,8.98,15.71,9999.00,NULL,0.73,NULL,NULL,NULL,NULL,NULL,NULL,1491393600000),(319,62,NULL,7.65,9.49,4.50,NULL,0.05,NULL,NULL,NULL,NULL,NULL,NULL,1491379200000),(320,63,NULL,6.98,2.57,2.77,NULL,0.44,NULL,NULL,NULL,NULL,NULL,NULL,1465660800000),(321,64,NULL,7.57,6.54,1.75,NULL,0.38,NULL,NULL,NULL,NULL,NULL,NULL,1491393600000),(322,65,NULL,7.63,9.42,4.01,NULL,0.37,NULL,NULL,NULL,NULL,NULL,NULL,1491076800000),(323,66,NULL,7.18,10.47,4.64,NULL,0.43,NULL,NULL,NULL,NULL,NULL,NULL,1491379200000),(324,67,NULL,6.95,8.14,6.85,NULL,0.17,NULL,NULL,NULL,NULL,NULL,NULL,1491379200000),(325,68,NULL,7.82,9.82,5.33,NULL,0.29,NULL,NULL,NULL,NULL,NULL,NULL,1491375600000),(326,69,NULL,6.98,11.26,9999.00,NULL,0.38,NULL,NULL,NULL,NULL,NULL,NULL,1491379200000),(327,70,NULL,7.32,9.75,5.34,NULL,4.38,NULL,NULL,NULL,NULL,NULL,NULL,1491379200000),(328,72,NULL,8.02,10.33,1.47,NULL,9999.00,NULL,NULL,NULL,NULL,NULL,NULL,1491364800000),(329,73,NULL,8.12,9.72,5.83,NULL,0.21,NULL,NULL,NULL,NULL,NULL,NULL,1491393600000),(330,74,NULL,7.70,11.00,1.49,NULL,0.08,NULL,NULL,NULL,NULL,NULL,NULL,1491379200000),(331,75,NULL,7.49,8.65,1.86,NULL,0.17,NULL,NULL,NULL,NULL,NULL,NULL,1491379200000),(332,76,NULL,7.09,7.72,2.34,NULL,0.08,NULL,NULL,NULL,NULL,NULL,NULL,1491379200000),(333,77,NULL,7.90,8.82,9999.00,NULL,9999.00,NULL,NULL,NULL,NULL,NULL,NULL,1491393600000),(334,78,NULL,7.45,7.79,3.60,NULL,0.18,NULL,NULL,NULL,NULL,NULL,NULL,1491379200000),(335,79,NULL,7.68,7.90,2.42,NULL,0.13,NULL,NULL,NULL,NULL,NULL,NULL,1491379200000),(336,80,NULL,7.46,7.37,1.36,NULL,0.14,NULL,NULL,NULL,NULL,NULL,NULL,1491393600000),(337,81,NULL,8.08,7.69,3.38,NULL,0.18,NULL,NULL,NULL,NULL,NULL,NULL,1491393600000),(338,83,NULL,7.73,9.75,3.73,NULL,0.22,NULL,NULL,NULL,NULL,NULL,NULL,1491379200000),(339,84,NULL,7.11,2.71,24.88,NULL,11.10,NULL,NULL,NULL,NULL,NULL,NULL,1490587200000),(340,85,NULL,8.22,10.02,1.88,NULL,0.22,NULL,NULL,NULL,NULL,NULL,NULL,1491379200000),(341,97,NULL,6.30,5.71,3.10,NULL,0.78,NULL,NULL,NULL,NULL,NULL,NULL,1491393600000),(342,103,NULL,7.47,9.09,4.51,NULL,9999.00,NULL,NULL,NULL,NULL,NULL,NULL,1491379200000),(343,104,NULL,7.72,11.02,2.95,NULL,9999.00,NULL,NULL,NULL,NULL,NULL,NULL,1491379200000),(344,105,NULL,6.90,9.09,4.51,NULL,9999.00,NULL,NULL,NULL,NULL,NULL,NULL,1491379200000),(345,106,NULL,7.37,9999.00,9999.00,NULL,9999.00,NULL,NULL,NULL,NULL,NULL,NULL,1490500800000),(346,107,NULL,7.25,9.93,9999.00,NULL,9999.00,NULL,NULL,NULL,NULL,NULL,NULL,1491379200000),(347,108,NULL,8.12,11.97,2.94,NULL,0.19,NULL,NULL,NULL,NULL,NULL,NULL,1491390000000),(348,109,NULL,7.41,6.70,3.80,NULL,0.20,NULL,NULL,NULL,NULL,NULL,NULL,1491379200000),(349,110,NULL,6.75,6.48,2.89,NULL,0.14,NULL,NULL,NULL,NULL,NULL,NULL,1491379200000),(350,111,NULL,8.17,10.99,9.49,NULL,9999.00,NULL,NULL,NULL,NULL,NULL,NULL,1491379200000),(351,112,NULL,6.78,6.44,1.97,NULL,9999.00,NULL,NULL,NULL,NULL,NULL,NULL,1491379200000),(352,113,NULL,8.58,11.61,2.14,NULL,0.06,NULL,NULL,NULL,NULL,NULL,NULL,1491393600000),(353,114,NULL,6.88,7.83,2.25,NULL,0.28,NULL,NULL,NULL,NULL,NULL,NULL,1491379200000),(354,115,NULL,8.28,9.57,9999.00,NULL,0.10,NULL,NULL,NULL,NULL,NULL,NULL,1491393600000),(355,116,NULL,7.66,11.49,9999.00,NULL,9999.00,NULL,NULL,NULL,NULL,NULL,NULL,1491390000000),(356,117,NULL,7.41,9.67,1.87,NULL,0.22,NULL,NULL,NULL,NULL,NULL,NULL,1487131200000),(357,118,NULL,8.13,11.77,3.01,NULL,0.06,NULL,NULL,NULL,NULL,NULL,NULL,1491379200000),(358,119,NULL,7.07,8.28,4.63,NULL,0.32,NULL,NULL,NULL,NULL,NULL,NULL,1491393600000),(359,120,NULL,7.90,6.51,9999.00,NULL,0.88,NULL,NULL,NULL,NULL,NULL,NULL,1491393600000),(360,121,NULL,8.11,10.48,2.69,NULL,0.12,NULL,NULL,NULL,NULL,NULL,NULL,1491076800000),(361,122,NULL,7.65,5.23,5.19,NULL,0.78,NULL,NULL,NULL,NULL,NULL,NULL,1491393600000),(362,123,NULL,6.60,7.35,5.17,NULL,0.19,NULL,NULL,NULL,NULL,NULL,NULL,1491393600000),(363,124,NULL,8.46,7.54,10.11,NULL,0.33,NULL,NULL,NULL,NULL,NULL,NULL,1491379200000),(364,125,NULL,8.07,10.19,2.00,NULL,9999.00,NULL,NULL,NULL,NULL,NULL,NULL,1491379200000),(365,126,NULL,7.82,7.01,2.39,NULL,0.17,NULL,NULL,NULL,NULL,NULL,NULL,1491393600000),(366,127,NULL,7.67,8.47,1.52,NULL,0.08,NULL,NULL,NULL,NULL,NULL,NULL,1491379200000),(367,128,NULL,6.51,7.92,2.19,NULL,9999.00,NULL,NULL,NULL,NULL,NULL,NULL,1491393600000),(368,129,NULL,7.36,5.96,4.62,NULL,1.44,NULL,NULL,NULL,NULL,NULL,NULL,1491393600000),(369,131,NULL,7.34,5.72,0.91,NULL,0.04,NULL,NULL,NULL,NULL,NULL,NULL,1491393600000),(370,132,NULL,7.21,9999.00,1.86,NULL,9999.00,NULL,NULL,NULL,NULL,NULL,NULL,1491393600000),(371,133,NULL,6.22,9.16,7.37,NULL,2.71,NULL,NULL,NULL,NULL,NULL,NULL,1491393600000),(372,134,NULL,7.47,10.39,4.19,NULL,0.53,NULL,NULL,NULL,NULL,NULL,NULL,1491393600000),(373,135,NULL,7.93,12.82,1.67,NULL,9999.00,NULL,NULL,NULL,NULL,NULL,NULL,1491379200000),(374,136,NULL,7.26,5.76,3.24,NULL,9999.00,NULL,NULL,NULL,NULL,NULL,NULL,1490587200000),(375,137,NULL,8.33,11.13,9999.00,NULL,0.03,NULL,NULL,NULL,NULL,NULL,NULL,1491379200000),(376,138,NULL,8.38,12.28,9999.00,NULL,0.29,NULL,NULL,NULL,NULL,NULL,NULL,1491393600000),(377,139,NULL,7.19,9999.00,5.36,NULL,0.32,NULL,NULL,NULL,NULL,NULL,NULL,1491393600000),(378,140,NULL,7.64,9.43,1.85,NULL,0.13,NULL,NULL,NULL,NULL,NULL,NULL,1491393600000),(379,141,NULL,7.54,13.76,2.51,NULL,0.94,NULL,NULL,NULL,NULL,NULL,NULL,1491076800000),(380,142,NULL,7.51,5.29,2.14,NULL,9999.00,NULL,NULL,NULL,NULL,NULL,NULL,1466712000000),(381,143,NULL,7.40,10.69,4.59,NULL,0.02,NULL,NULL,NULL,NULL,NULL,NULL,1491076800000),(382,144,NULL,7.03,9.18,5.62,NULL,0.27,NULL,NULL,NULL,NULL,NULL,NULL,1491379200000),(383,146,NULL,7.85,7.29,1.05,NULL,9999.00,NULL,NULL,NULL,NULL,NULL,NULL,1491379200000),(384,147,NULL,7.77,1.70,5.05,NULL,0.36,NULL,NULL,NULL,NULL,NULL,NULL,1491379200000),(385,149,NULL,7.91,9.16,1.86,NULL,0.21,NULL,NULL,NULL,NULL,NULL,NULL,1491379200000),(386,150,NULL,7.85,5.62,5.04,NULL,0.17,NULL,NULL,NULL,NULL,NULL,NULL,1491379200000),(387,151,NULL,8.72,10.49,3.55,NULL,0.05,NULL,NULL,NULL,NULL,NULL,NULL,1491350400000),(388,152,NULL,7.90,8.97,2.45,NULL,9999.00,NULL,NULL,NULL,NULL,NULL,NULL,1491393600000),(389,153,NULL,7.75,9.81,2.76,NULL,9999.00,NULL,NULL,NULL,NULL,NULL,NULL,1491393600000),(390,154,NULL,7.21,9.98,3.08,NULL,0.04,NULL,NULL,NULL,NULL,NULL,NULL,1491393600000),(391,155,NULL,7.95,2.17,5.06,NULL,1.44,NULL,NULL,NULL,NULL,NULL,NULL,1491379200000),(392,156,NULL,7.62,6.90,4.35,NULL,0.54,NULL,NULL,NULL,NULL,NULL,NULL,1491393600000),(393,157,NULL,8.62,13.12,5.71,NULL,9999.00,NULL,NULL,NULL,NULL,NULL,NULL,1491379200000),(394,158,NULL,8.10,4.53,9999.00,NULL,0.34,NULL,NULL,NULL,NULL,NULL,NULL,1491386400000),(395,159,NULL,7.37,3.02,5.88,NULL,1.67,NULL,NULL,NULL,NULL,NULL,NULL,1491393600000),(396,161,NULL,8.84,9.57,9.10,NULL,0.10,NULL,NULL,NULL,NULL,NULL,NULL,1491393600000),(397,162,NULL,7.67,7.26,3.20,NULL,9999.00,NULL,NULL,NULL,NULL,NULL,NULL,1491393600000),(398,164,NULL,7.98,9.22,2.66,NULL,9999.00,NULL,NULL,NULL,NULL,NULL,NULL,1491393600000),(399,166,NULL,8.07,8.59,4.81,NULL,0.30,NULL,NULL,NULL,NULL,NULL,NULL,1491379200000),(400,167,NULL,7.08,9.61,1.87,NULL,9999.00,NULL,NULL,NULL,NULL,NULL,NULL,1491076800000),(401,168,NULL,8.02,10.14,1.29,NULL,0.19,NULL,NULL,NULL,NULL,NULL,NULL,1491379200000),(402,172,NULL,7.40,6.67,9999.00,NULL,0.07,NULL,NULL,NULL,NULL,NULL,NULL,1413172800000),(403,173,NULL,9999.00,9999.00,1.12,NULL,9999.00,NULL,NULL,NULL,NULL,NULL,NULL,1491393600000),(404,175,NULL,7.72,11.78,0.74,NULL,9999.00,NULL,NULL,NULL,NULL,NULL,NULL,1491379200000),(405,176,NULL,7.48,14.79,1.42,NULL,0.52,NULL,NULL,NULL,NULL,NULL,NULL,1487707200000),(406,177,NULL,8.91,7.72,9999.00,NULL,9999.00,NULL,NULL,NULL,NULL,NULL,NULL,1491350400000),(407,178,NULL,8.38,11.56,5.39,NULL,0.40,NULL,NULL,NULL,NULL,NULL,NULL,1491393600000),(408,179,NULL,8.49,6.24,1.50,NULL,9999.00,NULL,NULL,NULL,NULL,NULL,NULL,1491336000000),(409,180,NULL,7.72,10.78,9999.00,NULL,9999.00,NULL,NULL,NULL,NULL,NULL,NULL,1491390000000),(410,181,NULL,8.07,6.66,6.05,NULL,1.84,NULL,NULL,NULL,NULL,NULL,NULL,1491393600000),(411,182,NULL,8.20,7.66,1.81,NULL,0.52,NULL,NULL,NULL,NULL,NULL,NULL,1491393600000),(412,183,NULL,7.47,9.46,3.27,NULL,0.19,NULL,NULL,NULL,NULL,NULL,NULL,1491393600000),(413,184,NULL,7.73,8.50,1.68,NULL,9999.00,NULL,NULL,NULL,NULL,NULL,NULL,1491379200000),(414,185,NULL,6.99,12.03,9999.00,NULL,9999.00,NULL,NULL,NULL,NULL,NULL,NULL,1491076800000),(415,186,NULL,8.25,12.07,2.52,NULL,0.32,NULL,NULL,NULL,NULL,NULL,NULL,1491379200000),(416,187,NULL,6.63,10.29,3.44,NULL,0.33,NULL,NULL,NULL,NULL,NULL,NULL,1491379200000),(417,188,NULL,7.87,10.64,4.15,NULL,0.75,NULL,NULL,NULL,NULL,NULL,NULL,1491379200000),(418,189,NULL,6.60,5.20,3.12,NULL,9999.00,NULL,NULL,NULL,NULL,NULL,NULL,1491390000000),(419,190,NULL,7.71,7.56,1.47,NULL,0.08,NULL,NULL,NULL,NULL,NULL,NULL,1491379200000),(420,191,NULL,7.94,8.94,5.32,NULL,9999.00,NULL,NULL,NULL,NULL,NULL,NULL,1491393600000),(421,192,NULL,7.63,7.58,3.72,NULL,0.11,NULL,NULL,NULL,NULL,NULL,NULL,1491393600000),(422,193,NULL,8.38,7.43,2.10,NULL,0.32,NULL,NULL,NULL,NULL,NULL,NULL,1490659200000),(423,194,NULL,7.70,8.72,1.41,NULL,0.23,NULL,NULL,NULL,NULL,NULL,NULL,1464840000000),(424,195,NULL,8.03,10.25,3.38,NULL,9999.00,NULL,NULL,NULL,NULL,NULL,NULL,1491393600000),(425,196,NULL,7.06,5.91,3.47,NULL,0.23,NULL,NULL,NULL,NULL,NULL,NULL,1491379200000),(426,197,NULL,8.64,9.32,9999.00,NULL,9999.00,NULL,NULL,NULL,NULL,NULL,NULL,1484179200000),(427,198,NULL,8.35,10.15,3.12,NULL,9999.00,NULL,NULL,NULL,NULL,NULL,NULL,1491393600000),(428,199,NULL,8.29,8.29,4.76,NULL,0.23,NULL,NULL,NULL,NULL,NULL,NULL,1491393600000),(429,200,NULL,8.79,7.95,5.20,NULL,0.21,NULL,NULL,NULL,NULL,NULL,NULL,1356926400000),(430,201,NULL,7.68,7.16,9.54,NULL,5.51,NULL,NULL,NULL,NULL,NULL,NULL,1491379200000),(431,202,NULL,6.54,5.56,3.06,NULL,9999.00,NULL,NULL,NULL,NULL,NULL,NULL,1465862400000),(432,203,NULL,6.48,9999.00,3.60,NULL,9999.00,NULL,NULL,NULL,NULL,NULL,NULL,1491379200000),(433,204,NULL,6.86,10.56,2.57,NULL,0.09,NULL,NULL,NULL,NULL,NULL,NULL,1490558400000),(434,205,NULL,7.59,8.70,4.17,NULL,0.16,NULL,NULL,NULL,NULL,NULL,NULL,1491379200000),(435,206,NULL,7.11,9.17,2.00,NULL,0.09,NULL,NULL,NULL,NULL,NULL,NULL,1491379200000),(436,207,NULL,8.05,9999.00,8.46,NULL,0.62,NULL,NULL,NULL,NULL,NULL,NULL,1491393600000),(437,208,NULL,7.26,18.48,9999.00,NULL,0.29,NULL,NULL,NULL,NULL,NULL,NULL,1491192000000),(438,209,NULL,8.93,8.73,7.20,NULL,0.21,NULL,NULL,NULL,NULL,NULL,NULL,1491379200000),(439,210,NULL,9.42,8.18,7.01,NULL,0.55,NULL,NULL,NULL,NULL,NULL,NULL,1491379200000),(440,211,NULL,7.56,9.69,9999.00,NULL,9999.00,NULL,NULL,NULL,NULL,NULL,NULL,1472572800000),(441,212,NULL,6.71,7.72,5.19,NULL,0.24,NULL,NULL,NULL,NULL,NULL,NULL,1491393600000),(442,213,NULL,9.07,6.35,6.89,NULL,0.48,NULL,NULL,NULL,NULL,NULL,NULL,1491390000000),(443,214,NULL,8.92,6.18,1.32,NULL,0.04,NULL,NULL,NULL,NULL,NULL,NULL,1491379200000),(444,215,NULL,7.49,10.71,6.25,NULL,0.20,NULL,NULL,NULL,NULL,NULL,NULL,1491372000000),(445,216,NULL,8.06,8.73,0.87,NULL,0.02,NULL,NULL,NULL,NULL,NULL,NULL,1491379200000),(446,217,NULL,8.50,7.71,1.38,NULL,0.17,NULL,NULL,NULL,NULL,NULL,NULL,1490572800000),(447,218,NULL,7.45,10.17,1.10,NULL,0.40,NULL,NULL,NULL,NULL,NULL,NULL,1490587200000),(448,219,NULL,8.47,9.08,1.95,NULL,0.28,NULL,NULL,NULL,NULL,NULL,NULL,1491076800000),(449,220,NULL,9999.00,9999.00,9999.00,NULL,9999.00,NULL,NULL,NULL,NULL,NULL,NULL,1491091200000),(450,222,NULL,9999.00,9999.00,9999.00,NULL,9999.00,NULL,NULL,NULL,NULL,NULL,NULL,1474862400000);

#
# Structure for table "sitehistory"
#

DROP TABLE IF EXISTS `sitehistory`;
CREATE TABLE `sitehistory` (
  `shistory_id` int(2) NOT NULL AUTO_INCREMENT,
  `sid` int(10) NOT NULL,
  `stime` bigint(20) NOT NULL,
  `state` int(2) NOT NULL DEFAULT '0',
  `remark` varchar(200) DEFAULT NULL,
  PRIMARY KEY (`shistory_id`),
  KEY `sid` (`sid`),
  CONSTRAINT `sitehistory_ibfk_1` FOREIGN KEY (`sid`) REFERENCES `site` (`site_id`)
) ENGINE=InnoDB DEFAULT CHARSET=utf8;

#
# Data for table "sitehistory"
#


#
# Structure for table "standard"
#

DROP TABLE IF EXISTS `standard`;
CREATE TABLE `standard` (
  `standard_id` int(2) NOT NULL,
  `temperature` varchar(8) DEFAULT NULL,
  `ph` varchar(8) DEFAULT NULL,
  `dissolved_oxyge_flag` int(1) DEFAULT NULL,
  `dissolved_oxyge` decimal(8,2) DEFAULT NULL,
  `permanganate_index_flag` int(1) DEFAULT NULL,
  `permanganate_index` decimal(8,2) DEFAULT NULL,
  `fluoride_flag` int(1) DEFAULT NULL,
  `fluoride` decimal(8,2) DEFAULT NULL,
  `ammontia_flag` int(1) DEFAULT NULL,
  `ammontia` decimal(8,2) DEFAULT NULL,
  `pertoleum_flag` int(1) DEFAULT NULL,
  `pertoleum` decimal(8,2) DEFAULT NULL,
  `bod5_flag` int(1) DEFAULT NULL,
  `bod5` decimal(8,2) DEFAULT NULL,
  PRIMARY KEY (`standard_id`)
) ENGINE=InnoDB DEFAULT CHARSET=utf8;

#
# Data for table "standard"
#

INSERT INTO `standard` VALUES (1,'-2~1','6~8',1,7.50,0,2.00,0,1.00,0,0.15,0,0.05,0,3.00),(2,'-2~1','6~8',1,6.00,0,4.00,0,1.00,0,0.50,0,0.05,0,3.00),(3,'-2~1','6~8',1,5.00,0,6.00,0,1.00,0,1.00,0,0.05,0,4.00),(4,'-2~1','6~8',1,3.00,0,10.00,0,1.50,0,1.50,0,0.50,0,6.00),(5,'-2~1','6~8',1,2.00,0,15.00,0,1.50,0,2.00,0,1.00,0,10.00);

#
# Structure for table "warea"
#

DROP TABLE IF EXISTS `warea`;
CREATE TABLE `warea` (
  `area_id` int(3) NOT NULL AUTO_INCREMENT,
  `pid` int(2) NOT NULL,
  `area_name` varchar(100) DEFAULT NULL,
  PRIMARY KEY (`area_id`),
  KEY `pid` (`pid`),
  CONSTRAINT `warea_ibfk_1` FOREIGN KEY (`pid`) REFERENCES `province` (`province_id`)
) ENGINE=InnoDB AUTO_INCREMENT=307 DEFAULT CHARSET=utf8;

#
# Data for table "warea"
#

INSERT INTO `warea` VALUES (1,4,'杭州'),(2,4,'台州'),(3,4,'嘉兴'),(4,4,'湖州'),(5,4,'金华'),(6,4,'温州'),(7,4,'衢州'),(8,4,'义乌'),(9,4,'绍兴'),(10,4,'宁波'),(11,4,'丽水'),(12,5,'合肥'),(13,5,'芜湖'),(14,5,'蚌埠'),(15,5,'淮南'),(16,5,'马鞍山'),(17,5,'安庆'),(18,5,'淮北'),(19,5,'铜陵'),(20,5,'黄山'),(21,5,'滁州'),(22,5,'阜阳'),(23,5,'六安'),(24,5,'宿州'),(25,5,'毫州'),(26,5,'池州'),(27,5,'宣城'),(28,6,'福州'),(29,6,'厦门'),(30,6,'莆田'),(31,6,'三明'),(32,6,'泉州'),(33,6,'漳州'),(34,6,'南平'),(35,6,'龙岩'),(36,6,'宁德'),(37,7,'南昌'),(38,7,'赣州'),(39,7,'上饶'),(40,7,'鹰潭'),(41,7,'萍乡'),(42,7,'景德镇'),(43,7,'九江'),(44,7,'吉安'),(45,7,'宜春'),(46,7,'抚州'),(47,8,'长沙'),(48,8,'岳阳'),(49,8,'株洲'),(50,8,'湘潭'),(51,8,'衡阳'),(52,8,'邵阳'),(53,8,'常德'),(54,8,'张家界'),(55,8,'益阳'),(56,8,'郴州'),(57,8,'永州'),(58,8,'怀化'),(59,8,'娄底'),(60,8,'湘西自治州'),(61,9,'广州'),(62,9,'深圳'),(63,9,'珠海'),(64,9,'汕头'),(65,9,'佛山'),(66,9,'韶关'),(67,9,'湛江'),(68,9,'肇庆'),(69,9,'江门'),(70,9,'茂名'),(71,9,'惠州'),(72,9,'梅州'),(73,9,'汕尾'),(74,9,'河源'),(75,9,'阳江'),(76,9,'清远'),(77,9,'东莞'),(78,9,'中山'),(79,9,'潮州'),(80,9,'揭阳'),(81,9,'云浮'),(82,26,'武汉'),(83,26,'黄石'),(84,26,'十堰'),(85,26,'宜昌'),(86,26,'襄阳'),(87,26,'鄂州'),(88,26,'荆门'),(89,26,'孝感'),(90,26,'荆州'),(91,26,'黄冈'),(92,26,'随州'),(93,26,'咸宁'),(94,26,'恩施'),(95,26,'仙桃'),(96,26,'潜江'),(97,26,'天门'),(98,24,'昆明'),(99,24,'曲靖'),(100,24,'玉溪'),(101,24,'保山'),(102,24,'邵通'),(103,24,'丽江'),(104,24,'普洱'),(105,24,'临沧'),(106,24,'文山'),(107,24,'红河'),(108,24,'西双版纳'),(109,24,'楚雄'),(110,24,'大理'),(111,24,'德宏'),(112,24,'怒江'),(113,24,'迪庆'),(114,16,'郑州'),(115,16,'开封'),(116,16,'洛阳'),(117,16,'平顶山'),(118,16,'安阳'),(119,16,'鹤壁'),(120,16,'新乡'),(121,16,'焦作'),(122,16,'濮阳'),(123,16,'许昌'),(124,16,'漯河'),(125,16,'三门峡'),(126,16,'南阳'),(127,16,'商丘'),(128,16,'信阳'),(129,16,'周口'),(130,16,'驻马店'),(131,3,'黄浦'),(132,3,'徐汇'),(133,3,'长宁'),(134,3,'静安'),(135,3,'普陀'),(136,3,'虹口'),(137,3,'杨浦'),(138,3,'闵行'),(139,3,'宝山'),(140,3,'嘉定'),(141,3,'浦东'),(142,3,'金山'),(143,3,'青浦'),(144,3,'奉贤'),(145,3,'崇明'),(146,18,'南京'),(147,18,'镇江'),(148,18,'常州'),(149,18,'无锡'),(150,18,'苏州'),(151,18,'南通'),(152,18,'泰州'),(153,18,'扬州'),(154,18,'盐城'),(155,18,'淮安'),(156,18,'宿迁'),(157,18,'连云港'),(158,18,'徐州'),(159,30,'成都'),(160,30,'自贡'),(161,30,'攀枝花'),(162,30,'德阳'),(163,30,'绵阳'),(164,30,'广元'),(165,30,'遂宁'),(166,30,'内江'),(167,30,'乐山'),(168,30,'眉山'),(169,30,'南充'),(170,30,'宜宾'),(171,30,'广安'),(172,30,'达州'),(173,30,'雅安'),(174,30,'巴州'),(175,30,'资阳'),(176,30,'泸州'),(177,30,'阿坝'),(178,30,'甘孜'),(179,30,'凉山'),(180,31,'渝中'),(181,31,'大渡口'),(182,31,'江北'),(183,32,'沙坪坝'),(184,31,'九龙坡'),(185,31,'南岸'),(186,31,'北碚'),(187,31,'渝北'),(188,31,'巴南'),(189,31,'万州'),(190,31,'涪陵'),(191,31,'永川'),(192,31,'璧山'),(193,31,'大足'),(194,31,'綦江'),(195,31,'江津'),(196,31,'合川'),(197,31,'黔江'),(198,31,'长寿'),(199,31,'南区'),(200,31,'铜梁'),(201,31,'潼南'),(202,31,'荣昌'),(203,31,'开州'),(204,31,'梁平'),(205,31,'武隆'),(206,31,'城口'),(207,31,'丰都'),(208,31,'垫江'),(209,31,'忠县'),(210,31,'云阳'),(211,31,'奉节'),(212,31,'巫山'),(213,31,'巫溪'),(214,31,'石柱'),(215,31,'秀山'),(216,31,'酉阳'),(217,31,'彭水'),(218,13,'哈尔滨'),(219,13,'齐齐哈尔'),(220,13,'鸡西'),(221,13,'鹤岗'),(222,13,'双鸭山'),(223,13,'大庆'),(224,13,'伊春'),(225,13,'佳木斯'),(226,13,'七台河'),(227,13,'牡丹江'),(228,13,'黑河'),(229,13,'绥化'),(230,13,'大兴安岭地区'),(231,14,'沈阳'),(232,14,'大连'),(233,14,'鞍山'),(234,14,'抚顺'),(235,14,'本溪'),(236,14,'丹东'),(237,14,'锦州'),(238,14,'营口'),(239,14,'阜新'),(240,14,'辽阳'),(241,14,'盘锦'),(242,14,'铁岭'),(243,14,'朝阳'),(244,14,'葫芦岛'),(245,15,'长春'),(246,15,'吉林'),(247,15,'四平'),(248,15,'辽源'),(249,15,'通化'),(250,15,'白山'),(251,15,'松原'),(252,15,'白城'),(253,15,'延边'),(254,21,'呼和浩特'),(255,21,'包头'),(256,21,'乌海'),(257,21,'赤峰'),(258,21,'通辽'),(259,21,'鄂尔多斯'),(260,21,'呼伦贝尔'),(261,21,'巴彦淖尔'),(262,21,'乌兰察布'),(263,21,'锡林郭勒盟'),(264,21,'兴安盟'),(265,21,'阿拉善盟'),(266,28,'西安'),(267,28,'榆林'),(268,28,'延安'),(269,28,'宝鸡'),(270,28,'咸阳'),(271,28,'渭南'),(272,28,'铜川'),(273,28,'汉中'),(274,28,'安康'),(275,28,'商洛'),(276,1,'东城'),(277,1,'西城'),(278,1,'朝阳'),(279,1,'丰台'),(280,1,'石景山'),(281,1,'海淀'),(282,1,'门头沟'),(283,1,'房山'),(284,1,'通州'),(285,1,'顺义'),(286,1,'昌平'),(287,1,'大兴'),(288,1,'怀柔'),(289,1,'平谷'),(290,1,'密云'),(291,1,'延庆'),(292,2,'和平'),(293,2,'河东'),(294,2,'河西'),(295,2,'南开'),(296,2,'河北'),(297,2,'滨海新区'),(298,2,'东丽'),(299,2,'西青'),(300,2,'津南'),(301,2,'北辰'),(302,2,'武清'),(303,2,'宝坻'),(304,2,'宁河'),(305,2,'静海'),(306,2,'蓟州'),(307,10,'南宁'),(308,10,'柳州'),(309,10,'桂林'),(310,10,'梧州'),(311,10,'北海'),(312,10,'防城港'),(313,10,'钦州'),(314,10,'贵港'),(315,10,'玉林'),(316,10,'百色'),(317,10,'贺州'),(318,10,'河池'),(319,10,'来宾'),(320,10,'崇左'),(321,25,'海口'),(322,25,'三亚'),(323,25,'三沙'),(324,25,'瞻洲'),(325,12,'银川'),(326,12,'石嘴山'),(327,12,'吴忠'),(328,12,'固原'),(329,12,'中卫'),(330,29,'兰州'),(331,29,'嘉峪关'),(332,29,'酒泉'),(333,29,'张掖'),(334,29,'金昌'),(335,29,'武威'),(336,29,'白银'),(337,29,'定西'),(338,29,'天水'),(339,29,'平凉'),(340,29,'庆阳'),(341,29,'陇南'),(342,23,'贵阳'),(343,23,'六盘水'),(344,23,'遵义'),(345,23,'安顺'),(346,23,'毕节'),(347,23,'铜仁'),(348,23,'黔西南'),(349,23,'黔东南'),(350,23,'黔南'),(351,17,'石家庄'),(352,17,'唐山'),(353,17,'秦皇岛'),(354,17,'邯郸'),(355,17,'邢台'),(356,17,'保定'),(357,17,'张家口'),(358,17,'承德'),(359,17,'沧州'),(360,17,'廊坊'),(361,17,'衡水'),(362,19,'济南'),(363,19,'青岛'),(364,19,'淄博'),(365,19,'枣庄'),(366,19,'东营'),(367,19,'烟台'),(368,19,'潍坊'),(369,19,'济宁'),(370,19,'泰安'),(371,19,'威海'),(372,19,'日照'),(373,19,'滨州'),(374,19,'德州'),(375,19,'聊城'),(376,19,'临沂'),(377,19,'菏泽'),(378,19,'莱芜'),(379,27,'太原'),(380,27,'大同'),(381,27,'朔州'),(382,27,'阳泉'),(383,27,'长治'),(384,27,'晋城'),(385,27,'忻州'),(386,27,'吕梁'),(387,27,'晋中'),(388,27,'临汾'),(389,27,'运城'),(390,10,'南宁'),(391,10,'柳州'),(392,10,'桂林'),(393,10,'梧州'),(394,10,'北海'),(395,10,'防城港'),(396,10,'钦州'),(397,10,'贵港'),(398,10,'玉林'),(399,10,'百色'),(400,10,'贺州'),(401,10,'河池'),(402,10,'来宾'),(403,10,'崇左'),(404,25,'海口'),(405,25,'三亚'),(406,25,'三沙'),(407,25,'瞻洲'),(408,12,'银川'),(409,12,'石嘴山'),(410,12,'吴忠'),(411,12,'固原'),(412,12,'中卫'),(413,29,'兰州'),(414,29,'嘉峪关'),(415,29,'酒泉'),(416,29,'张掖'),(417,29,'金昌'),(418,29,'武威'),(419,29,'白银'),(420,29,'定西'),(421,29,'天水'),(422,29,'平凉'),(423,29,'庆阳'),(424,29,'陇南'),(425,23,'贵阳'),(426,23,'六盘水'),(427,23,'遵义'),(428,23,'安顺'),(429,23,'毕节'),(430,23,'铜仁'),(431,23,'黔西南'),(432,23,'黔东南'),(433,23,'黔南'),(434,17,'石家庄'),(435,17,'唐山'),(436,17,'秦皇岛'),(437,17,'邯郸'),(438,17,'邢台'),(439,17,'保定'),(440,17,'张家口'),(441,17,'承德'),(442,17,'沧州'),(443,17,'廊坊'),(444,17,'衡水'),(445,19,'济南'),(446,19,'青岛'),(447,19,'淄博'),(448,19,'枣庄'),(449,19,'东营'),(450,19,'烟台'),(451,19,'潍坊'),(452,19,'济宁'),(453,19,'泰安'),(454,19,'威海'),(455,19,'日照'),(456,19,'滨州'),(457,19,'德州'),(458,19,'聊城'),(459,19,'临沂'),(460,19,'菏泽'),(461,19,'莱芜'),(462,27,'太原'),(463,27,'大同'),(464,27,'朔州'),(465,27,'阳泉'),(466,27,'长治'),(467,27,'晋城'),(468,27,'忻州'),(469,27,'吕梁'),(470,27,'晋中'),(471,27,'临汾'),(472,27,'运城');

#
# Structure for table "water"
#

DROP TABLE IF EXISTS `water`;
CREATE TABLE `water` (
  `water_id` int(3) NOT NULL,
  `water_name` varchar(100) DEFAULT NULL,
  PRIMARY KEY (`water_id`)
) ENGINE=InnoDB DEFAULT CHARSET=utf8;

#
# Data for table "water"
#

INSERT INTO `water` VALUES (1,'太湖流域'),(2,'巢湖流域'),(3,'淮河流域'),(4,'南水北调东线'),(5,'海河流域'),(6,'辽河流域'),(7,'松花江流域'),(8,'黄河流域'),(9,'南水北调中线'),(10,'长江流域'),(11,'东南诸河'),(12,'珠江流域'),(13,'滇池流域'),(14,'西南诸河'),(15,'内陆河');

#
# Structure for table "wuser"
#

DROP TABLE IF EXISTS `wuser`;
CREATE TABLE `wuser` (
  `user_id` int(8) NOT NULL,
  `user_name` varchar(50) NOT NULL,
  `user_pwd` varchar(6) NOT NULL,
  `user_access` int(1) NOT NULL DEFAULT '1',
  `login_flag` int(1) NOT NULL DEFAULT '0',
  PRIMARY KEY (`user_id`)
) ENGINE=InnoDB DEFAULT CHARSET=utf8;

#
# Data for table "wuser"
#

INSERT INTO `wuser` VALUES (0,'admin','123456',9,0),(1,'test1','123456',1,0),(2,'test2','123456',2,0),(3,'test3','123456',3,0);
